帖子的URL,微博唯一ID,带时区时间格式,评论内容,转发量,评论量,点赞量,地理定位解析结果
https://weibo.com/detail/P7o09dceO,P7o09dceO,Tue Dec 31 11:28:41 +0800 2024,【旺旺集团打造国内首家零碳工厂，助力实现国家“双碳”目标】2024年12月30日，旺旺集团旗下工厂嘉兴美旺获颁“零碳工厂评价证书”，成为旺旺集团旗下首家获得零碳认证的工厂。这不仅是对旺旺集团在环境保护、可持续发展和社会责任方面不懈努力的高度认可，也标志着旺旺集团在推动绿色发展、落实国家“ ​​​,0,0,0,
https://weibo.com/detail/P70vVAVqB,P70vVAVqB,Sat Dec 28 23:41:04 +0800 2024,"《敌》2024

灰阶部分占比更多，白色高光近似过曝的调色风格，感谢用黑白拍狗💩（没有PPP那么狠[老师好]），黑白更凸显了光影（特别是影子）变化。

男主的设置，让人想起《袅袅夕阳情》，感觉是对此的反叛。外加男主前大学法国文学教授的设定，可加入一些迷影元素（希区柯克《后窗、还有一个导演的 ​​​",0,1,0,发布于 上海
https://weibo.com/detail/P6Ne64W8z,P6Ne64W8z,Fri Dec 27 13:51:25 +0800 2024,在电子商务蓬勃发展的今天，物流配送体系的高效运作已成为电商行业竞争力的重要一环。随着消费者对配送速度、准确性和服务质量的期望日益提高，优化物流配送体系成为电商企业面临的重要课题。团体标准作为一种由行业组织、企业、科研机构等共同制定的非强制性标准，其在电商物流配送体系的优化中发挥着 ​​​,0,0,0,发布于 河北
https://weibo.com/detail/P794P8AJj,P794P8AJj,Sun Dec 29 21:29:00 +0800 2024,"在当今数字化商业浪潮中，电商运营已成为企业和个人实现商业价值的关键路径。无论你是初出茅庐的创业者、传统企业老板寻求转型，还是职场中渴望拓展技能边界的打工人，掌握电商运营的核心要领都显得尤为重要。

入门篇：开启电商之旅（新手小白一周上手）

平台选择：电商世界的多元版图

目前主流的电 ​​​",0,0,0,发布于 山东
https://weibo.com/detail/P6X9ty8qb,P6X9ty8qb,Sat Dec 28 15:07:30 +0800 2024,"小米14手机回收多少钱？换换回收平台让您心中有“价”
在快速迭代的智能手机市场中，小米14作为小米公司最新推出的旗舰机型，凭借其出色的性能和创新技术吸引了大量消费者的关注。然而，随着科技产品的更新速度加快，许多用户在享受新机的同时，也开始考虑如何处理手中的旧手机，尤其是像小米14这样的 ​​​",0,0,0,发布于 广东
https://weibo.com/detail/P6TrDrVMT,P6TrDrVMT,Sat Dec 28 05:41:16 +0800 2024,"2024的理想关键词应该是“自由”
还没来及的回忆一下今年那些遇见的人和事
然后马上就要写上句号，于是仓促的记录一下
此刻的心情，
2024这一年应该是心和身多次动身相伴且快乐的一年，很多决定都是自己判断后做的，多数的场景下把我这个拖拉机拖延症患者变得行动力极高，比如这里我想展开讲讲
今年开 ​​​",0,0,1,发布于 江苏
https://weibo.com/detail/P7h8i63Ds,P7h8i63Ds,Mon Dec 30 17:59:30 +0800 2024,"【同比增长97.4%！冀货“新三样”加速出海 激发外贸新动能】眼下，以电动汽车、锂电池、光伏产品为代表的外贸“新三样”，正逐步替代服装、家电、家具“老三样”，成为我国外贸增长的新动能，推动外贸结构持续优化。

今年以来，河北“新三样”出口全面开花。1至11月，对欧盟出口140.7亿元，同比增长1. ​​​",0,0,0,
https://weibo.com/detail/P6ToYFpgH,P6ToYFpgH,Sat Dec 28 05:34:43 +0800 2024,"2024的理想关键词应该是“自由”
还没来及的回忆一下今年那些遇见的人和事
然后马上就要写上句号，于是仓促的记录一下
此刻的心情，
2024这一年应该是心和身多次动身相伴且快乐的一年，很多决定都是自己判断后做的，多数的场景下把我这个拖拉机拖延症患者变得行动力极高，比如这里我想展开讲讲
今年开 ​​​",0,0,1,发布于 江苏
https://weibo.com/detail/P7g7zl0IV,P7g7zl0IV,Mon Dec 30 15:25:00 +0800 2024,"#美妆行业热点#【私募股权公司WCP收购美妆包装供应商Cosmogen股权】
近日，私募股权公司Weinberg Capital Partners（WCP）宣布与MBO+达成协议，成功收购美妆包装供应商Cosmogen的多数股权，成为该公司的新大股东。此次收购标志着WCP在美妆包材领域的重要布局，有望为Cosmogen带来新的增长动力（图源： ​​​",0,4,6,发布于 北京
https://weibo.com/detail/P6EI1nFRg,P6EI1nFRg,Thu Dec 26 16:10:25 +0800 2024,"壮阳食物能壮阳吗？这4个“壮阳大法”都是骗局，别再被忽悠了

在现代社会，很多人都追求更高质量的生活，尤其是在健康和生殖健康方面。一些男性在听到某些食物或方法“能壮阳”时，总会抱着试一试的态度，甚至深信不疑。毕竟，性健康不仅影响着夫妻感情，也牵动着个人的心理健康。然而，这种心理也让 ​​​",0,0,0,发布于 湖南
https://weibo.com/detail/P6Mavw9Dl,P6Mavw9Dl,Fri Dec 27 11:09:50 +0800 2024,"小米14手机回收多少钱？换换回收平台让您心中有“价”
在快速迭代的智能手机市场中，小米14作为小米公司最新推出的旗舰机型，凭借其出色的性能和创新技术吸引了大量消费者的关注。然而，随着科技产品的更新速度加快，许多用户在享受新机的同时，也开始考虑如何处理手中的旧手机，尤其是像小米14这样的 ​​​",0,0,0,发布于 广东
https://weibo.com/detail/P6Mr1f5VY,P6Mr1f5VY,Fri Dec 27 11:50:31 +0800 2024,"【这5种粗粮不如不吃！对身体没有太大好处，必可别吃！】
01
5种粗粮吃法不可取！
● 粗粮糊粗粮打粉后食用，口感细腻食用方便，但它却并不健康。因为，谷物被研磨得越细就越容易被消化、吸收，甚至会从低 GI 的食物变成高GI食物，对血糖并不友好。糖尿病患者和高血糖人群应该少吃。● 八宝粥八宝粥、 ​​​",0,0,2,发布于 辽宁
https://weibo.com/detail/P6FemA7op,P6FemA7op,Thu Dec 26 17:30:06 +0800 2024,【Editor’s Choice|npj Materials Sustainability邀您阅读精选文章】npj Materials Sustainability 致力于推动材料科学在生产、使用和再利用过程中的可持续性。期刊内容涵盖材料工程和设计的各个方面，主题包括但不限于可持续材料设计与开发、材料的生命周期评估、可再生和生物基材料、仿生学与仿生材 ​​​,3,0,4,发布于 河北
https://weibo.com/detail/P6Cd04tQ5,P6Cd04tQ5,Thu Dec 26 09:48:30 +0800 2024,"平板回收安全吗？换换回收平台以7大质检流程树立行业标杆
在当今这个快速迭代的数字时代，平板电脑作为便携式智能设备的一员，更新换代的速度令人目不暇接。随着新技术的不断涌现，许多用户在享受新科技带来的便利时，也不免面临着如何处理旧平板的问题。""平板回收安全吗?"" 成为了广大消费者心中的一个 ​​​",0,0,0,发布于 广东
https://weibo.com/detail/P70vVAVqB,P70vVAVqB,2024-12-28 23:41:04,"《敌》2024

灰阶部分占比更多，白色高光近似过曝的调色风格，感谢用黑白拍狗💩（没有PPP那么狠[老师好]），黑白更凸显了光影（特别是影子）变化。

男主的设置，让人想起《袅袅夕阳情》，感觉是对此的反叛。外加男主前大学法国文学教授的设定，可加入一些迷影元素（希区柯克《后窗、还有一个导演的 ​​​",0,1,0,发布于 上海
https://weibo.com/detail/P794P8AJj,P794P8AJj,2024-12-29 21:29:00,"在当今数字化商业浪潮中，电商运营已成为企业和个人实现商业价值的关键路径。无论你是初出茅庐的创业者、传统企业老板寻求转型，还是职场中渴望拓展技能边界的打工人，掌握电商运营的核心要领都显得尤为重要。

入门篇：开启电商之旅（新手小白一周上手）

平台选择：电商世界的多元版图

目前主流的电 ​​​",0,0,0,发布于 山东
https://weibo.com/detail/P7h8i63Ds,P7h8i63Ds,2024-12-30 17:59:30,"【同比增长97.4%！冀货“新三样”加速出海 激发外贸新动能】眼下，以电动汽车、锂电池、光伏产品为代表的外贸“新三样”，正逐步替代服装、家电、家具“老三样”，成为我国外贸增长的新动能，推动外贸结构持续优化。

今年以来，河北“新三样”出口全面开花。1至11月，对欧盟出口140.7亿元，同比增长1. ​​​",0,0,0,
https://weibo.com/detail/P6TrDrVMT,P6TrDrVMT,2024-12-28 05:41:16,"2024的理想关键词应该是“自由”
还没来及的回忆一下今年那些遇见的人和事
然后马上就要写上句号，于是仓促的记录一下
此刻的心情，
2024这一年应该是心和身多次动身相伴且快乐的一年，很多决定都是自己判断后做的，多数的场景下把我这个拖拉机拖延症患者变得行动力极高，比如这里我想展开讲讲
今年开 ​​​",0,0,1,发布于 江苏
https://weibo.com/detail/P6X9ty8qb,P6X9ty8qb,2024-12-28 15:07:30,"小米14手机回收多少钱？换换回收平台让您心中有“价”
在快速迭代的智能手机市场中，小米14作为小米公司最新推出的旗舰机型，凭借其出色的性能和创新技术吸引了大量消费者的关注。然而，随着科技产品的更新速度加快，许多用户在享受新机的同时，也开始考虑如何处理手中的旧手机，尤其是像小米14这样的 ​​​",0,0,0,发布于 广东
https://weibo.com/detail/P6Ne64W8z,P6Ne64W8z,2024-12-27 13:51:25,在电子商务蓬勃发展的今天，物流配送体系的高效运作已成为电商行业竞争力的重要一环。随着消费者对配送速度、准确性和服务质量的期望日益提高，优化物流配送体系成为电商企业面临的重要课题。团体标准作为一种由行业组织、企业、科研机构等共同制定的非强制性标准，其在电商物流配送体系的优化中发挥着 ​​​,0,0,0,发布于 河北
https://weibo.com/detail/P6ToYFpgH,P6ToYFpgH,2024-12-28 05:34:43,"2024的理想关键词应该是“自由”
还没来及的回忆一下今年那些遇见的人和事
然后马上就要写上句号，于是仓促的记录一下
此刻的心情，
2024这一年应该是心和身多次动身相伴且快乐的一年，很多决定都是自己判断后做的，多数的场景下把我这个拖拉机拖延症患者变得行动力极高，比如这里我想展开讲讲
今年开 ​​​",0,0,1,发布于 江苏
https://weibo.com/detail/P7o09dceO,P7o09dceO,2024-12-31 11:28:41,【旺旺集团打造国内首家零碳工厂，助力实现国家“双碳”目标】2024年12月30日，旺旺集团旗下工厂嘉兴美旺获颁“零碳工厂评价证书”，成为旺旺集团旗下首家获得零碳认证的工厂。这不仅是对旺旺集团在环境保护、可持续发展和社会责任方面不懈努力的高度认可，也标志着旺旺集团在推动绿色发展、落实国家“ ​​​,0,0,0,
https://weibo.com/detail/P7g7zl0IV,P7g7zl0IV,2024-12-30 15:25:00,"#美妆行业热点#【私募股权公司WCP收购美妆包装供应商Cosmogen股权】
近日，私募股权公司Weinberg Capital Partners（WCP）宣布与MBO+达成协议，成功收购美妆包装供应商Cosmogen的多数股权，成为该公司的新大股东。此次收购标志着WCP在美妆包材领域的重要布局，有望为Cosmogen带来新的增长动力（图源： ​​​",0,4,6,发布于 北京
https://weibo.com/detail/P6EI1nFRg,P6EI1nFRg,2024-12-26 16:10:25,"壮阳食物能壮阳吗？这4个“壮阳大法”都是骗局，别再被忽悠了

在现代社会，很多人都追求更高质量的生活，尤其是在健康和生殖健康方面。一些男性在听到某些食物或方法“能壮阳”时，总会抱着试一试的态度，甚至深信不疑。毕竟，性健康不仅影响着夫妻感情，也牵动着个人的心理健康。然而，这种心理也让 ​​​",0,0,0,发布于 湖南
https://weibo.com/detail/P6ESq1Tsn,P6ESq1Tsn,2024-12-26 16:36:02,"关于农业醇醚柴油燃料NB/T34013—2024在四川省成都培训通知 
四川醇醚柴油燃料经营企业：
为了更好地领会国家能源局批准发布NB/T34013—2024《农用醇醚柴油燃料》能源标准，美华国际检验认证招标评价成都有限公司特在四川省成都市城关区举办标准培训交流会议，在四川推广可替代能源的使用，大力实现节 ​​​",0,0,0,发布于 甘肃
https://weibo.com/detail/P6FemA7op,P6FemA7op,2024-12-26 17:30:06,【Editor’s Choice|npj Materials Sustainability邀您阅读精选文章】npj Materials Sustainability 致力于推动材料科学在生产、使用和再利用过程中的可持续性。期刊内容涵盖材料工程和设计的各个方面，主题包括但不限于可持续材料设计与开发、材料的生命周期评估、可再生和生物基材料、仿生学与仿生材 ​​​,3,0,4,发布于 河北
https://weibo.com/detail/P6Cd04tQ5,P6Cd04tQ5,2024-12-26 09:48:30,"平板回收安全吗？换换回收平台以7大质检流程树立行业标杆
在当今这个快速迭代的数字时代，平板电脑作为便携式智能设备的一员，更新换代的速度令人目不暇接。随着新技术的不断涌现，许多用户在享受新科技带来的便利时，也不免面临着如何处理旧平板的问题。""平板回收安全吗?"" 成为了广大消费者心中的一个 ​​​",0,0,0,发布于 广东
https://weibo.com/detail/P6LlAk3nr,P6LlAk3nr,2024-12-27 09:04:23,"#ITMA 2027 欧洲国际纺机及制衣技术展##睿盈达# 
展会概览：

诞生于 1951 年的 ITMA 是囊括整个纺织业生产链的，首个在业内广泛认可的头部
品牌。每四年举办一次的 ITMA，是展示前沿纺织和制衣机械的最新科技平台，旨在
探索新思路、寻求可持续发展解决新方案并创建合作共赢契机。    它促进了行业的 ​​​",0,0,0,发布于 北京
https://weibo.com/detail/P6FCjifPA,P6FCjifPA,2024-12-26 18:29:06,"新澳股份：控股子公司获得高新技术企业重新认定

12月26日晚，新澳股份（603889）发布公告称，控股子公司浙江厚源纺织股份有限公司，被列入浙江省2024年度高新技术企业认定报备的备案名单中，获得了高新技术企业的重新认定。在接下来的3年内享受一系列优惠政策，其中企业所得税税率将按照优惠后的15%缴 ​​​",0,0,0,发布于 北京
https://weibo.com/detail/P6Mavw9Dl,P6Mavw9Dl,2024-12-27 11:09:50,"小米14手机回收多少钱？换换回收平台让您心中有“价”
在快速迭代的智能手机市场中，小米14作为小米公司最新推出的旗舰机型，凭借其出色的性能和创新技术吸引了大量消费者的关注。然而，随着科技产品的更新速度加快，许多用户在享受新机的同时，也开始考虑如何处理手中的旧手机，尤其是像小米14这样的 ​​​",0,0,0,发布于 广东
https://weibo.com/detail/P6Mr1f5VY,P6Mr1f5VY,2024-12-27 11:50:31,"【这5种粗粮不如不吃！对身体没有太大好处，必可别吃！】
01
5种粗粮吃法不可取！
● 粗粮糊粗粮打粉后食用，口感细腻食用方便，但它却并不健康。因为，谷物被研磨得越细就越容易被消化、吸收，甚至会从低 GI 的食物变成高GI食物，对血糖并不友好。糖尿病患者和高血糖人群应该少吃。● 八宝粥八宝粥、 ​​​",0,0,2,发布于 辽宁
https://weibo.com/detail/P6EVzsGM4,P6EVzsGM4,2024-12-26 16:43:49,【云南省积极推广快递绿色包装应用】近日，云南省邮政管理局组织实施了快递绿色包装应用推广项目，采购1.37万个邮政可循环包装、198万个可降解快递包装袋，投放至全省各州市推广应用。下一步，省邮政管理局将持续强化快递包装全链条治理，不断提升行业生态环境治理能力和治理成效，确保到2025年底，全 ​​​,0,0,2,
https://weibo.com/detail/P6sZ1qANs,P6sZ1qANs,2024-12-25 10:19:21,"【“秸”尽所能 变废为宝】

        一簇簇秸秆经过干燥、粉碎、热压等多道工序，“变身”成为生态环保的新型板材；粉碎后和鸡粪搅拌、发酵后制作成有机肥，实现变废为宝；以秸秆为主要原料，搭配牛粪、麦麸、豆饼或米糠等氮源，在适宜的环境条件下，即可栽培出鲜嫩的菌菇……近日，2024安徽秸秆暨畜 ​​​",0,0,0,
https://weibo.com/detail/P6ok4fBmO,P6ok4fBmO,2024-12-24 22:27:28,"【从边境小镇到富美乡村勐捧镇组织化促农增收 点燃乡村振兴“星星之火”】勐捧镇位于勐腊县城南部，有耕地6.13万亩、胶林46.5万亩，是典型的农业和橡胶大镇，有农业人口1.7万户5.53万人。特殊的季节性生产，使得土地农闲与胶树停割后产生大量富余劳动力，不少人外出打工，“一老一小”问题极为突出。

 ​​​",0,0,0,
https://weibo.com/detail/P6n3J7IX1,P6n3J7IX1,2024-12-24 19:14:26,"#东阿阿胶[超话]##当东阿阿胶遇上广府靓汤##东阿阿胶滋补新食尚#  @东阿阿胶  胶宠好物东阿阿胶 

冬至已至，寒风渐起，在这个季节，万物皆藏，正是养生的好时机！🌨️“春生夏长，秋收冬藏”，中医养生的智慧早已告诉我们，冬天是“藏”的季节，我们要养精蓄锐，积蓄力量，以备来年春天的生发与勃发 ​​​",0,0,1,发布于 湖北
https://weibo.com/detail/P6wu2xIJ2,P6wu2xIJ2,2024-12-25 19:14:00,【云南省积极推广快递绿色包装应用】近日，云南省邮政管理局组织实施了快递绿色包装应用推广项目，采购1.37万个邮政可循环包装、198万个可降解快递包装袋，投放至全省各州市推广应用。下一步，省邮政管理局将持续强化快递包装全链条治理，不断提升行业生态环境治理能力和治理成效，确保到2025年底，全 ​​​,1,0,0,
https://weibo.com/detail/P6ue1s4RB,P6ue1s4RB,2024-12-25 13:29:03,"#发布会上说#  松花江网：《规划》中提出“全链条实施黑土地保护利用”的战略目标，请问为了实现这个目标，先期我们做了哪些工作，下步还将采取哪些举措？

吉林市农业农村局党组成员、副局长 王锋：

我市始终牢记习近平总书记殷切嘱托，采取有效措施切实把黑土地这个“耕地中的大熊猫”保护好、利用 ​​​",0,0,0,
https://weibo.com/detail/P6o2UEeLc,P6o2UEeLc,2024-12-24 21:45:12,【已投1亿入局#循环包装# ！头部企业@顺丰集团 的#绿色快递包装# 之路】企业在包装绿色化的实践如何兼顾成本与成效？顺丰集团包装创新实验室负责人 路鹏在日前由广东省循环经济和资源综合利用协会、摆脱塑缚联合主办，@Origin研究所 担任独家可持续媒体的电商快递包装绿色转型行业研讨会上详细介绍了顺 ​​​,1,0,0,发布于 天津
https://weibo.com/detail/P6tFNE38P,P6tFNE38P,2024-12-25 12:04:45,"先问你个问题：

最近一次你觉得“我是不是哪里做错了？”是在什么情境下？

是没时间回消息，被对方一顿冷脸甩过来“看来我在你心里一点都不重要”？

还是你跟朋友吃了顿饭，就被拷问“你现在倒是挺会享受，难道不知道我压力很大吗”？

这就是典型的愧疚诱导

它看似无害，甚至带着一点受害者的委屈 ​​​",15,37,659,发布于 浙江
https://weibo.com/detail/P6nRP2Nnd,P6nRP2Nnd,2024-12-24 21:17:52,"【你收到过#循环快递箱# 吗？这背后竟是中国最卷的赛道】欢迎评论互动！任选1题作答即可。小编将在各平台、渠道的网友留言中，选取10位“幸运绿色消费者”，并私信送出摆摆的惊喜小礼品。[送花花][送花花]
Q1：在您的网购经验中，是否遇到过绿色化的商品包装案例？比如该网购商品应用了可循环快递包装 ​​​",1,0,0,发布于 天津
https://weibo.com/detail/P6vVTmRoN,P6vVTmRoN,2024-12-25 17:49:53,"山西东大土壤调理剂项目 进入投料试生产阶段

科学导报讯 12月11日，位于阳泉市盂县西烟循环经济产业园的山西东大土壤科技股份有限公司厂区内，机器轰鸣声不绝于耳，土壤调理剂自动化生产设备有序运转——原料通过运输带进到机器中，产品“乘着”运输带源源不断被输送至包装车间。“最近，我们开始了投 ​​​",0,0,0,发布于 山西
https://weibo.com/detail/P6vbn41Qy,P6vbn41Qy,2024-12-25 15:55:16,"🌟叮咚～圣诞的钟声已经敲响 🎅🏻
♻🎄节日里不仅可以分享快乐，也可以用实际行动让地球变得更友好：

🟢准备礼物时，尽量选择可循环的环保包装，陪伴比礼物更重要
🟢营造氛围时，选择可回收的废旧材料，降低碳足迹
🟢准备美食时，遵循适量原则，选择有机食材/本地时令食材，吃光光不浪 ​​​",0,0,2,发布于 北京
https://weibo.com/detail/P6m0PCZUR,P6m0PCZUR,2024-12-24 16:34:35,"#上海根与芽2024绿领计划# 第二期再次开启企业大咖分享会☕️各高校社团领袖们一同来到了卡夫亨氏上海总部办公室学习和参观📒

同学们先了解了卡夫亨氏从全球各地工厂的节能项目及集团ESG战略♻️接着深入供应链管理，了解到从节水、节电、可循环利用包装、生物质燃料等元素如何打造“负责任的生产” ​​​",0,0,1,发布于 上海
https://weibo.com/detail/P6mg1EGDE,P6mg1EGDE,2024-12-24 17:12:00,【望江：让农村集体闲置土地“活起来”】节约资源是我国的基本国策，推进资源节约集约利用是实现中国式现代化的内在要求。近年来，被自然资源部首批认定为全国自然资源节约集约示范县（市）的望江县，选准突破点，瞄准乡村集体闲置土地“去库存”，着力破解土地“紧缺”和“沉睡”的矛盾，在“土地存量 ​​​,0,1,2,
https://weibo.com/detail/P6kErxs5L,P6kErxs5L,2024-12-24 13:06:41,"微塑料“无孔不入”，如何减少摄入，守护健康？

随着#塑料制品# 不断应用于生活的各领域，#微塑料# 似乎无处不在，其迁移的行为更是“目中无人”。有研究表明，环境中80%以上的微塑料来自纺织品、轮胎和城市粉尘。微塑料来源有两种——“初级微塑料”与“次级微塑料”。初级微塑料指制造时尺寸≤5毫米 ​​​",2,1,5,发布于 内蒙古
https://weibo.com/detail/P6lZFhD7e,P6lZFhD7e,2024-12-24 16:31:42,"呦儿草本身体舒润膜，微生态，营养好肌肤。矿物活性，深层吸附。
呦儿草本身体舒润膜有两个包装，小包装150g，出行携带方便，大包装500g一家人使用更实惠。
呦儿草本身体舒润膜可以泡澡、调制面膜、护肤用，添加海泥具有吸附能力，能清除肌肤深层的污垢和油脂，含有的矿物活性成分，营养肌肤、促进身体 ​​​",0,0,0,发布于 山东
https://weibo.com/detail/P629682KI,P629682KI,2024-12-22 14:00:00,"可替换包装丨减塑可替换芯，循环利用更环保

真空环保替换芯设计
循环利用，减少塑料包装，更环保
ㅤ
专研质地科技
乳霜微粒子无阻式沁入肌肤
丝滑轻透乳酪质地
超好吸收，润而不腻，轻盈无负担
触肤即融，柔滑细腻，不闷脸
ㅤ
#甄然# #精简护肤# #甄然虾青素紧致亮肤精华乳霜# #可替换包装#  ​​​",3,4,4,发布于 北京
https://weibo.com/detail/P63Q0vew9,P63Q0vew9,2024-12-22 18:18:28,"悟嘱托精髓，行新疆绿色生活方式
在新疆柯坪县这片充满魅力与希望的土地上，深刻领悟嘱托精髓，积极践行绿色生活方式，正成为人们追求高品质生活与可持续发展的生动实践。
柯坪县深入领会关于生态保护与可持续发展的嘱托内涵，将绿色理念融入城市与乡村建设的每一个环节。在城镇规划中，充分考虑生态布 ​​​",0,0,0,
https://weibo.com/detail/P5UM34ta5,P5UM34ta5,2024-12-21 19:13:58,"这些热门眼霜深层滋养抗皱，令你的眼部肌肤可以很好的被滋润治愈！

1、至本多元优效眼霜

主打保湿，即时提拉和去水肿的功效。至本是近几年来势头发展比较迅猛的国产品牌。别的不说，光看这眼霜的外包装颜值，一点也不输大牌。现在很多人都很吃这种性冷淡的颜。质地稍微厚一点，但很好推开。适合皮肤 ​​​",0,0,0,发布于 广东
https://weibo.com/detail/P6m1i4BPD,P6m1i4BPD,2024-12-24 16:35:42,呦儿草本身体舒润膜，微生态，营养好肌肤。矿物活性，深层吸附。呦儿草本身体舒润膜有两个包装，小包装150g，出行携带方便，大包装500g一家人使用更实惠。呦儿草本身体舒润膜可以泡澡、调制面膜、护肤用，添加海泥具有吸附能力，能清除肌肤深层的污垢和油脂，含有的矿物活性成分，营养肌肤、促进身体的 ​​​,0,0,0,发布于 山东
https://weibo.com/detail/P6lplc6W7,P6lplc6W7,2024-12-24 15:02:13,"视频介绍：
这条三维动画视频，以科技感十足的视角，专业呈现了压铸岛周边生产线自动化运行的全过程。机器臂的流畅运作也十分真实，犹如在现场同步工作，让观众在观看过程中，感受到工业制造的效率和科技魅力。我们将复杂的压铸流程，通过细致的动画，展示压铸岛周边的循环工作，让您轻松了解这条产线 ​​​",0,0,3,发布于 上海
https://weibo.com/detail/P5R9bonkZ,P5R9bonkZ,2024-12-21 10:00:00,"随着年末的临近，节日的欢庆气氛日益浓厚🥳，但同时也伴随着消费和浪费的激增。澳大利亚研究所的一项调查表明，大约三成的澳大利亚人收到的礼物根本不会使用，这相当于约9.8亿澳元的浪费。

为了帮助人们在节日期间更为环保，蒙纳士大学的行为科学家们制定了《循环消费行为指南》。该指南提出了八种 ​​​",7,8,47,发布于 中国香港
https://weibo.com/detail/P5ISw441c,P5ISw441c,2024-12-20 12:56:58,他老温生活骄奢淫逸，很多东西用一次就闲置，看得剑十分肉痛，本着不能浪费的理念此人开始循环利用老温掉落的装备，包括但不限于：穿老温不穿的衣服，用他淘汰的手机，喷了一次就撇开的香水，包装都没拆不知道买来干啥的腕表袖口领带戒指项链……and so on，自觉真是一个勤俭持家的好人，省下许多猫粮 ​​​,0,5,7,发布于 广东
https://weibo.com/detail/P5AbU43XF,P5AbU43XF,2024-12-19 14:50:00,"【华彬集团深度参与2024企业家博鳌论坛 共探发展新动能】
12月2日至4日，2024企业家博鳌论坛在海南博鳌举行，本届论坛及系列活动以“改革新蓝图发展新动能”为主题，来自包括世界500强、中国500强和行业领军企业在内的政产学研各界人士汇聚一堂，共话改革新机遇，共探发展新动能，共享商业新知识，共谋 ​​​",0,0,0,
https://weibo.com/detail/P5BQNqAeV,P5BQNqAeV,2024-12-19 19:03:30,"10块钱一份拼好饭，每个月多赚3000元！拼好饭究竟是如何盈利的？

在竞争激烈的餐饮外卖市场中，拼好饭的崛起为商家们开辟了一条独特的盈利路径。

1.控制成本是最核心的点

很多人一看拼好饭的价格，十块钱一份！有些甚至只需要7-8元，会怀疑这真的能回本吗？但很多商家依靠好拼饭每个月能多盈利3000 ​​​",0,0,3,发布于 上海
https://weibo.com/detail/P5ubVrR6m,P5ubVrR6m,2024-12-18 23:33:35,"#振兴新突破辽宁杠杠滴##粮辰美景黄金铁岭# 向新逐绿 全力推动能源产业转型发展示范基地建设！“努力打造‘五个基地’”主题系列新闻发布会第二场举行#新时代六地辽宁杠杠滴# 

12月17日，“努力打造‘五个基地’”主题系列新闻发布会第二场举行，市发改委发布能源产业转型发展示范基地建设有关情况， ​​​",0,0,0,
https://weibo.com/detail/P5zlrrgPl,P5zlrrgPl,2024-12-19 12:40:46,"【这5种粗粮不如不吃！对身体没有太大好处，必可别吃！】
01
5种粗粮吃法不可取！

● 粗粮糊
粗粮打粉后食用，口感细腻食用方便，但它却并不健康。因为，谷物被研磨得越细就越容易被消化、吸收，甚至会从低 GI 的食物变成高GI食物，对血糖并不友好。糖尿病患者和高血糖人群应该少吃。

● 八宝粥
八宝 ​​​",10,2,8,发布于 辽宁
https://weibo.com/detail/P5SwLpFlt,P5SwLpFlt,2024-12-21 13:30:51,"#丁禹兮[超话]# ｜#丁舟杰文学# 

【随笔拾柒】

丁舟杰，
今天冬至，
你吃饺子了吗？

今天的加州天色好像黑的很早，
我本来想着给自己煮一碗饺子的，
但是拉开冰箱后才发现，
我已经很久没有开火了，
前些日子饿了就吃些零食充饥，
那些零食还是我上半年还是前年买的，
看了保质期很长所以我才买的， ​​​",0,53,37,发布于 安徽
https://weibo.com/detail/P5HjJ427B,P5HjJ427B,2024-12-20 08:58:30,ISCC，全称为“国际可持续发展与碳认证”（International Sustainability & Carbon Certification），其绝非仅仅是一项认证，而更是一种全球性的准则，旨在切实保障生物质与可持续能源的可追溯性以及可持续性。从农业至森林，再到生物燃料，ISCC 所涵盖的领域众多，矢志推动全球供应链在环境、社会以及 ​​​,0,0,1,发布于 福建
https://weibo.com/detail/P5Hmuicep,P5Hmuicep,2024-12-20 09:05:19,"#ITMA 2027 欧洲国际纺机及制衣技术展##睿盈达# 
展会概览：

诞生于 1951 年的 ITMA 是囊括整个纺织业生产链的，首个在业内广泛认可的头部
品牌。每四年举办一次的 ITMA，是展示前沿纺织和制衣机械的最新科技平台，旨在
探索新思路、寻求可持续发展解决新方案并创建合作共赢契机。    它促进了行业的 ​​​",0,0,0,发布于 北京
https://weibo.com/detail/P5zeexy4N,P5zeexy4N,2024-12-19 12:23:00,"🏜️ 乌兰布和沙漠·有机，就是更好有机！

 #不是所有沙漠有机都来自乌兰布和#  @特仑苏 

小伙伴们，你想过这样的问题吗👉 人与自然如何能更好⁉️ 什么是让自己变更好的营养⁉️ 

特仑苏和靳东一起为大家带来的乌兰布和《大地演讲》人文地理短片《我的沙漠岁月》大家都看了吗？在这里，你会找到 ​​​",0,10,13,发布于 江苏
https://weibo.com/detail/P5humsqNV,P5humsqNV,2024-12-17 15:13:17,"兴邦管道，跨越国界的品质传递 —— 海外发货纪实
在这个全球化的时代，优质的产品承载着连接世界的使命。今天，让我们聚焦于兴邦管道——一个以卓越品质和创新技术闻名于业界的品牌，如何跨越千山万水，将“中国制造”的骄傲送达国际舞台，为全球基础设施建设贡献力量。
启航：从匠心制造到全球视野 
 ​​​",0,0,0,发布于 河北
https://weibo.com/detail/P5qKXpeWQ,P5qKXpeWQ,2024-12-18 14:48:54,"#环境聚焦##昆明环保工作动态# 【“无废城市”建设｜昆明市积极推进快递行业绿色低碳发展】近日，昆明市生态环境局、昆明市邮政管理局组织相关人员实地调研昆明市邮件快件包装绿色转型试点示范项目推动实施情况。

调研组一行先后深入中通省级分拨中心及菜鸟、邮政等品牌末端网点，实地查看企业可循环 ​​​",0,0,0,
https://weibo.com/detail/P5skLbMz9,P5skLbMz9,2024-12-18 18:49:51,"#不是所有沙漠有机都来自乌兰布和#  @特仑苏 #不是所有牛奶都叫特仑苏# 它以其独特的品质和口感赢得了我们的喜爱；同样，不是所有沙漠有机都来自乌兰布和，这片神奇的土地赋予了特仑苏沙漠有机奶独一无二的魅力。

跟随特仑苏代言人靳东一起骑行乌兰布和沙漠，在这里，我们看到了沙漠治理的成果，感受 ​​​",0,0,0,发布于 北京
https://weibo.com/detail/P5ia56caZ,P5ia56caZ,2024-12-17 16:56:04,【山东港口渤海湾港：“包改集”+“集改散”粮食全流程业务落地】近日，山东港口渤海湾港潍坊港区完成2200吨“包改集”玉米纤维集港并以“集改散”工艺完成“悦翔”轮装船作业，标志着渤海湾港粮食“包改集”+“集改散”全流程业务模式正式落地，也是渤海湾港落实打造“依托港口的世界一流供应链综合服 ​​​,0,0,0,发布于 山东
https://weibo.com/detail/P588LF3hd,P588LF3hd,2024-12-16 15:25:23,"王衍行：如何理解综合整治“内卷式”竞争？

中央经济工作会议提出：综合整治内卷式竞争，规范地方政府和企业行为。在当前经济社会发展中，“内卷式”竞争成为描述资源低效利用和过度内耗的热词。中央多次提出高质量发展和优化资源配置的要求，强调破除不必要的内耗，释放经济活力。

什么是“内卷式” ​​​",2,0,1,发布于 北京
https://weibo.com/detail/P5g1McmZ9,P5g1McmZ9,2024-12-17 11:30:07,【这块变废为宝的海绵不一般！】随着全球塑料产量的激增，塑料污染成为当今最严峻的环境挑战之一。其中，直径小于5毫米的微塑料颗粒，不仅广泛存在于海洋、河流和湖泊，还悄悄渗透到了土壤、空气乃至我们的食物链中，对生态环境和人类健康构成隐秘而深远的威胁。近日，武汉大学和华中科技大学团队研发 ​​​,0,0,2,
https://weibo.com/detail/P5iAa2aDn,P5iAa2aDn,2024-12-17 18:00:19,"肯德基x杨明洁，可循环餐具

肯德基可循环餐具设计，全国肯德基餐厅预计每年可节约超过2000吨纸张消耗。获得“年度创新公益项目”奖。

杨明洁设计的这款可循环餐篮，使得堂食13个一次性包装材料减少使用，餐厅里的垃圾总量也平均下降20%，全国肯德基餐厅预计每年可节约超过2000吨纸张消耗。在确保顾客 ​​​",0,0,5,发布于 上海
https://weibo.com/detail/P5oFzaXjB,P5oFzaXjB,2024-12-18 09:30:07,"锂电池产品有办理危包证的必要吗？

国际规定实行强制性检验，检验不合格的不得使用和出口。 锂电池设备出口是否需要危包认证，主要取决于锂电池的容量以及目的地国家或地区的具体规定。

一、危包证的概念与重要性
危包证，即《出口危险货物包装使用鉴定结果单》，是证明锂电池包装性能合格和安全使用 ​​​",0,0,0,发布于 广东
https://weibo.com/detail/P5jyvxa6o,P5jyvxa6o,2024-12-17 20:29:00,#廊坊本地新闻# 【廊坊海关：以“智”惠企，实现通关“加速度”】远程查检让海关有了“千里眼”，实现企业出口报检“零等待”；“区内直转”让区内分类监管货物“一键切换”；原产地证书支持“自助打印”，全程“零跑腿”……智慧化改革和科技手段的加持，让海关业务大厅由昔日的“门庭若市”变成如今 ​​​,0,0,0,
